-- phpMyAdmin SQL Dump
-- version 5.2.1
-- https://www.phpmyadmin.net/
--
-- Hôte : 127.0.0.1
-- Généré le : lun. 07 juil. 2025 à 11:12
-- Version du serveur : 10.4.28-MariaDB
-- Version de PHP : 8.2.4

SET SQL_MODE = "NO_AUTO_VALUE_ON_ZERO";
START TRANSACTION;
SET time_zone = "+00:00";


/*!40101 SET @OLD_CHARACTER_SET_CLIENT=@@CHARACTER_SET_CLIENT */;
/*!40101 SET @OLD_CHARACTER_SET_RESULTS=@@CHARACTER_SET_RESULTS */;
/*!40101 SET @OLD_COLLATION_CONNECTION=@@COLLATION_CONNECTION */;
/*!40101 SET NAMES utf8mb4 */;

--
-- Base de données : `projet_reco_collaboratif`
--

-- --------------------------------------------------------

--
-- Structure de la table `clients`
--

CREATE TABLE `clients` (
  `id` int(11) NOT NULL,
  `nom` varchar(100) NOT NULL,
  `email` varchar(100) NOT NULL,
  `preferences` text DEFAULT NULL
) ENGINE=InnoDB DEFAULT CHARSET=utf8mb4 COLLATE=utf8mb4_general_ci;

--
-- Déchargement des données de la table `clients`
--

INSERT INTO `clients` (`id`, `nom`, `email`, `preferences`) VALUES
(1, 'Alexandre Roux', 'mauryadele@example.net', 'technologie, sport'),
(2, 'Émilie Garnier', 'veronique82@example.com', 'technologie, sport'),
(3, 'Jacqueline Ledoux', 'yrenard@example.com', 'mode, beauté'),
(4, 'Charlotte Lenoir du Fouquet', 'aime88@example.org', 'technologie, sport'),
(5, 'Alexandrie du Carpentier', 'vidalsylvie@example.com', 'livres, voyages'),
(6, 'Arthur Pichon', 'margotetienne@example.org', 'jardinage, animaux'),
(7, 'Michelle Baudry', 'launaygenevieve@example.org', 'enfants, jouets'),
(8, 'Odette Da Silva', 'martinlefort@example.com', 'fitness, yoga'),
(9, 'Catherine Auger', 'lmercier@example.com', 'technologie, sport'),
(10, 'Stéphane Bailly', 'francoisjulien@example.com', 'technologie, sport'),
(11, 'Henri Pierre-Hoarau', 'hgay@example.com', 'alimentation, santé'),
(12, 'Benoît Perret du Garnier', 'robertmarie@example.com', 'mode, beauté'),
(13, 'William Jourdan', 'elise42@example.com', 'photo, art'),
(14, 'Alphonse Nguyen', 'gaillardrenee@example.net', 'alimentation, santé'),
(15, 'Pénélope Barbe', 'raymond26@example.com', 'bureau, papeterie');

-- --------------------------------------------------------

--
-- Structure de la table `produits`
--

CREATE TABLE `produits` (
  `id` int(11) NOT NULL,
  `nom` varchar(100) NOT NULL,
  `categorie` varchar(50) NOT NULL,
  `prix` decimal(10,2) NOT NULL,
  `stock` int(11) NOT NULL,
  `image` varchar(255) DEFAULT NULL
) ENGINE=InnoDB DEFAULT CHARSET=utf8mb4 COLLATE=utf8mb4_general_ci;

--
-- Déchargement des données de la table `produits`
--

INSERT INTO `produits` (`id`, `nom`, `categorie`, `prix`, `stock`, `image`) VALUES
(1, 'Plaine Pro', 'alimentation', 445.52, 59, 'intelligence.jpg'),
(2, 'Crainte Lite', 'sport', 212.04, 13, 'même.jpg'),
(3, 'Ramasser Max', 'beauté', 196.97, 81, 'couvrir.jpg'),
(4, 'Lune Pro', 'sport', 308.96, 61, 'l\'un.jpg'),
(5, 'Convenir Pro', 'mode', 478.41, 9, 'goutte.jpg'),
(6, 'Public Pro', 'électronique', 222.62, 64, 'tandis que.jpg'),
(7, 'Erreur Pro', 'beauté', 363.41, 20, 'assez.jpg'),
(8, 'Ton Max', 'alimentation', 311.24, 59, 'marche.jpg'),
(9, 'Feu Max', 'sport', 228.94, 92, 'rideau.jpg'),
(10, 'Tantôt Lite', 'sport', 184.46, 74, 'comment.jpg'),
(11, 'Empêcher Pro', 'technologie', 86.39, 84, 'composer.jpg'),
(12, 'Par Plus', 'sport', 91.19, 98, 'tranquille.jpg'),
(13, 'Race Plus', 'sport', 173.92, 73, 'visite.jpg'),
(14, 'Quelqu\'un Plus', 'technologie', 442.29, 79, 'nu.jpg'),
(15, 'Gris Lite', 'technologie', 84.52, 74, 'voyage.jpg'),
(16, 'Rêver Plus', 'sport', 354.92, 29, 'vif.jpg'),
(17, 'Cuisine Pro', 'électronique', 482.41, 89, 'cercle.jpg'),
(18, 'Fier Max', 'alimentation', 25.65, 42, 'ce.jpg'),
(19, 'Juste Pro', 'livres', 293.71, 21, 'supérieur.jpg'),
(20, 'Race Plus', 'mode', 283.26, 12, 'fort.jpg');

-- --------------------------------------------------------

--
-- Structure de la table `transactions`
--

CREATE TABLE `transactions` (
  `id` int(11) NOT NULL,
  `client_id` int(11) NOT NULL,
  `produit_id` int(11) NOT NULL,
  `date` date NOT NULL,
  `quantite` int(11) NOT NULL,
  `note` int(11) DEFAULT NULL CHECK (`note` >= 1 and `note` <= 5)
) ENGINE=InnoDB DEFAULT CHARSET=utf8mb4 COLLATE=utf8mb4_general_ci;

--
-- Déchargement des données de la table `transactions`
--

INSERT INTO `transactions` (`id`, `client_id`, `produit_id`, `date`, `quantite`, `note`) VALUES
(1, 4, 9, '2023-04-04', 1, 5),
(2, 15, 4, '2022-11-02', 2, 3),
(3, 13, 13, '2024-11-09', 2, 4),
(4, 2, 10, '2025-04-17', 2, 4),
(5, 15, 2, '2022-12-26', 2, 2),
(6, 13, 6, '2025-03-02', 1, 2),
(7, 12, 7, '2023-09-16', 3, 4),
(8, 9, 1, '2023-03-21', 3, 3),
(9, 6, 12, '2023-11-23', 2, 4),
(10, 7, 4, '2023-05-15', 2, 2),
(11, 1, 15, '2024-07-13', 2, 5),
(12, 8, 20, '2023-01-30', 3, 4),
(13, 1, 5, '2024-07-10', 2, 2),
(14, 15, 14, '2024-07-18', 1, 4),
(15, 5, 16, '2023-02-07', 1, 4),
(16, 2, 4, '2025-01-12', 1, 4),
(17, 14, 8, '2022-10-20', 3, 5),
(18, 14, 1, '2023-11-30', 1, 4),
(19, 5, 14, '2023-08-13', 3, 2),
(20, 11, 5, '2025-01-09', 2, 2),
(21, 2, 19, '2024-06-22', 1, 4),
(22, 10, 13, '2024-07-01', 1, 4),
(23, 1, 4, '2023-01-27', 3, 5),
(24, 13, 13, '2024-07-29', 1, 3),
(25, 10, 18, '2023-07-22', 1, 2),
(26, 4, 2, '2023-09-22', 3, 4),
(27, 8, 18, '2024-02-05', 3, 4),
(28, 8, 10, '2023-07-01', 3, 4),
(29, 13, 18, '2022-08-18', 2, 3),
(30, 6, 4, '2024-06-05', 2, 3),
(31, 8, 4, '2025-06-21', 1, 2),
(32, 1, 14, '2025-05-21', 3, 5),
(33, 7, 8, '2024-08-30', 2, 2),
(34, 1, 10, '2024-05-27', 2, 4),
(35, 14, 18, '2025-05-07', 2, 4),
(36, 10, 12, '2022-08-20', 3, 5),
(37, 15, 12, '2023-11-07', 1, 3),
(38, 11, 7, '2023-06-14', 2, 4),
(39, 1, 20, '2024-01-16', 1, 3),
(40, 15, 14, '2023-01-16', 1, 4),
(41, 7, 1, '2025-04-01', 2, 4),
(42, 15, 8, '2025-05-04', 2, 3),
(43, 2, 5, '2024-11-11', 2, 4),
(44, 8, 18, '2024-07-12', 2, 3),
(45, 11, 19, '2025-02-13', 3, 3),
(46, 9, 9, '2024-10-04', 2, 5),
(47, 6, 12, '2022-07-10', 1, 3),
(48, 3, 12, '2022-07-18', 3, 4),
(49, 10, 9, '2022-11-09', 2, 4),
(50, 4, 3, '2025-06-24', 2, 2),
(51, 1, 15, '2024-04-29', 1, 5),
(52, 7, 17, '2023-12-28', 3, 4),
(53, 13, 5, '2023-03-28', 3, 2),
(54, 12, 10, '2023-07-03', 1, 4),
(55, 9, 1, '2024-09-20', 1, 4),
(56, 4, 17, '2023-02-17', 2, 3),
(57, 8, 9, '2024-09-22', 1, 2),
(58, 6, 7, '2022-08-24', 1, 3),
(59, 14, 6, '2023-01-30', 2, 2),
(60, 2, 10, '2024-12-19', 1, 5),
(61, 1, 19, '2025-02-26', 2, 3),
(62, 2, 5, '2022-10-22', 2, 2),
(63, 4, 7, '2022-09-03', 2, 2),
(64, 9, 4, '2023-11-23', 3, 4),
(65, 11, 15, '2023-07-18', 2, 4),
(66, 9, 18, '2023-02-21', 1, 4),
(67, 8, 7, '2023-11-01', 1, 3),
(68, 7, 5, '2022-10-13', 1, 3),
(69, 8, 4, '2024-11-13', 3, 3),
(70, 10, 13, '2025-06-11', 1, 5),
(71, 1, 8, '2024-01-15', 1, 3),
(72, 6, 7, '2023-01-28', 1, 3),
(73, 3, 16, '2022-09-21', 3, 3),
(74, 8, 14, '2024-11-11', 1, 4),
(75, 2, 12, '2024-06-23', 3, 5),
(76, 3, 15, '2024-10-11', 1, 3),
(77, 6, 14, '2024-01-21', 3, 4),
(78, 3, 14, '2024-12-12', 1, 4),
(79, 1, 4, '2025-03-30', 3, 4),
(80, 9, 10, '2024-08-20', 2, 4),
(81, 8, 11, '2023-05-20', 1, 3),
(82, 2, 13, '2023-02-16', 3, 4),
(83, 9, 7, '2022-12-17', 2, 2),
(84, 7, 13, '2025-04-24', 2, 4),
(85, 14, 2, '2023-10-15', 1, 4),
(86, 4, 13, '2024-07-07', 1, 5),
(87, 7, 10, '2023-11-18', 3, 3),
(88, 9, 15, '2024-12-04', 1, 5),
(89, 2, 15, '2024-06-15', 3, 4),
(90, 4, 20, '2024-12-07', 1, 2),
(91, 3, 19, '2022-07-17', 3, 4),
(92, 3, 12, '2024-05-27', 3, 2),
(93, 10, 15, '2023-05-01', 1, 4),
(94, 5, 8, '2024-03-07', 2, 4),
(95, 13, 20, '2023-08-26', 1, 4),
(96, 5, 13, '2023-06-01', 1, 4),
(97, 9, 20, '2023-09-19', 1, 2),
(98, 12, 20, '2024-02-21', 1, 4),
(99, 12, 3, '2022-08-11', 1, 4),
(100, 11, 14, '2024-03-19', 2, 2),
(101, 5, 17, '2023-03-08', 2, 4),
(102, 13, 16, '2024-12-05', 1, 3),
(103, 9, 8, '2023-08-13', 3, 3),
(104, 7, 14, '2023-01-03', 2, 3),
(105, 14, 12, '2024-07-28', 1, 2),
(106, 2, 5, '2023-03-29', 1, 3),
(107, 5, 5, '2025-05-15', 1, 4),
(108, 1, 14, '2023-09-07', 2, 4),
(109, 9, 18, '2025-06-04', 2, 2),
(110, 3, 13, '2023-11-05', 3, 2),
(111, 1, 1, '2024-06-24', 1, 2),
(112, 7, 1, '2022-08-21', 1, 2),
(113, 15, 12, '2022-09-20', 2, 3),
(114, 4, 2, '2024-07-13', 3, 5),
(115, 9, 2, '2022-08-31', 3, 4),
(116, 11, 20, '2023-04-23', 3, 4),
(117, 3, 5, '2022-09-01', 2, 5),
(118, 13, 9, '2024-08-01', 2, 4),
(119, 1, 10, '2024-01-31', 2, 5),
(120, 13, 5, '2025-01-05', 2, 2),
(121, 8, 11, '2022-08-14', 2, 2),
(122, 2, 17, '2022-12-22', 1, 4),
(123, 5, 15, '2023-08-20', 3, 4),
(124, 1, 14, '2023-03-05', 3, 5),
(125, 3, 10, '2025-06-05', 2, 2),
(126, 5, 1, '2024-09-22', 1, 2),
(127, 15, 10, '2023-09-01', 3, 2),
(128, 10, 19, '2022-12-27', 1, 3),
(129, 2, 13, '2025-04-29', 2, 4),
(130, 13, 5, '2022-10-01', 1, 4),
(131, 13, 2, '2022-09-05', 3, 4),
(132, 4, 11, '2024-08-17', 3, 5),
(133, 10, 10, '2025-03-30', 2, 5),
(134, 7, 19, '2022-07-13', 2, 2),
(135, 12, 19, '2024-03-28', 3, 3),
(136, 3, 12, '2023-03-16', 2, 4),
(137, 8, 19, '2025-04-01', 3, 3),
(138, 12, 9, '2024-06-07', 1, 2),
(139, 7, 7, '2024-06-01', 2, 4),
(140, 9, 19, '2022-07-27', 2, 3),
(141, 1, 16, '2025-07-02', 2, 4),
(142, 5, 12, '2022-11-06', 2, 3),
(143, 4, 6, '2023-11-11', 1, 4),
(144, 7, 3, '2024-02-02', 1, 4),
(145, 9, 2, '2024-11-21', 3, 5),
(146, 11, 20, '2025-06-22', 1, 4),
(147, 15, 4, '2023-02-08', 1, 4),
(148, 1, 1, '2025-01-13', 2, 3),
(149, 11, 13, '2025-04-19', 3, 4),
(150, 4, 11, '2024-04-30', 1, 4),
(151, 3, 5, '2024-02-03', 2, 5),
(152, 12, 20, '2024-10-01', 1, 4),
(153, 10, 1, '2024-01-11', 3, 3),
(154, 10, 20, '2024-06-17', 1, 3),
(155, 5, 10, '2024-09-15', 1, 3),
(156, 3, 10, '2023-11-09', 3, 2),
(157, 2, 14, '2024-05-16', 2, 5),
(158, 2, 7, '2022-10-21', 2, 3),
(159, 3, 11, '2024-04-03', 2, 2),
(160, 13, 5, '2023-07-15', 3, 4),
(161, 8, 4, '2024-02-02', 3, 2),
(162, 2, 18, '2024-09-05', 3, 4),
(163, 4, 9, '2024-10-29', 1, 4),
(164, 10, 17, '2025-01-01', 2, 3),
(165, 8, 15, '2024-03-14', 3, 4),
(166, 1, 6, '2024-05-02', 3, 2),
(167, 9, 18, '2023-11-21', 3, 2),
(168, 3, 4, '2025-06-10', 1, 3),
(169, 11, 18, '2023-09-27', 2, 5),
(170, 4, 4, '2024-01-13', 3, 4),
(171, 13, 9, '2023-03-19', 1, 2),
(172, 3, 3, '2023-07-21', 1, 5),
(173, 11, 20, '2024-02-13', 3, 3),
(174, 15, 4, '2024-07-19', 1, 4),
(175, 12, 3, '2024-01-17', 2, 5),
(176, 1, 12, '2024-07-23', 2, 4),
(177, 2, 16, '2025-05-30', 1, 5),
(178, 10, 13, '2023-05-21', 1, 5),
(179, 13, 15, '2024-02-24', 1, 4),
(180, 14, 8, '2022-08-20', 3, 4),
(181, 5, 1, '2025-05-26', 1, 4),
(182, 11, 20, '2025-06-25', 3, 4),
(183, 6, 14, '2023-05-28', 3, 2),
(184, 7, 16, '2023-08-26', 3, 2),
(185, 6, 3, '2023-07-11', 1, 4),
(186, 7, 11, '2024-08-16', 2, 3),
(187, 9, 9, '2025-03-03', 3, 4),
(188, 4, 20, '2024-03-05', 2, 2),
(189, 4, 13, '2024-03-11', 3, 5),
(190, 12, 11, '2023-07-24', 3, 2),
(191, 1, 12, '2025-04-10', 3, 4),
(192, 15, 3, '2025-03-05', 3, 2),
(193, 13, 15, '2024-06-22', 2, 3),
(194, 6, 6, '2022-10-14', 3, 2),
(195, 15, 5, '2024-05-29', 2, 3),
(196, 12, 10, '2024-07-25', 3, 3),
(197, 5, 20, '2022-10-08', 2, 2),
(198, 8, 15, '2022-12-28', 3, 2),
(199, 8, 9, '2023-09-10', 3, 3),
(200, 14, 5, '2023-05-25', 3, 4),
(201, 4, 4, '2023-01-11', 3, 4),
(202, 6, 19, '2023-09-25', 3, 3),
(203, 11, 2, '2024-05-17', 3, 3),
(204, 3, 10, '2024-08-14', 3, 3),
(205, 6, 1, '2022-11-03', 1, 4),
(206, 9, 3, '2024-05-22', 2, 2),
(207, 2, 9, '2024-08-22', 1, 4),
(208, 11, 17, '2025-01-30', 1, 2),
(209, 11, 19, '2025-06-20', 2, 3),
(210, 9, 16, '2023-07-18', 3, 5),
(211, 12, 6, '2024-01-02', 2, 4),
(212, 9, 13, '2024-11-24', 1, 4),
(213, 12, 10, '2022-07-25', 1, 2),
(214, 4, 2, '2022-12-18', 3, 5),
(215, 5, 10, '2022-10-21', 2, 2),
(216, 12, 6, '2023-11-10', 3, 2),
(217, 3, 13, '2025-03-01', 1, 4),
(218, 9, 4, '2023-03-28', 1, 5),
(219, 6, 12, '2023-12-18', 1, 3),
(220, 9, 12, '2023-09-20', 1, 5),
(221, 15, 7, '2024-11-09', 2, 4),
(222, 11, 20, '2024-11-16', 3, 3),
(223, 1, 9, '2025-04-10', 1, 5),
(224, 15, 20, '2022-07-30', 1, 2),
(225, 5, 20, '2024-08-28', 3, 4),
(226, 3, 12, '2023-01-21', 1, 3),
(227, 3, 12, '2023-08-22', 1, 3),
(228, 8, 15, '2022-11-16', 3, 4),
(229, 2, 4, '2023-07-10', 1, 5),
(230, 4, 7, '2025-01-03', 1, 2),
(231, 5, 5, '2024-06-02', 1, 3),
(232, 7, 20, '2025-01-15', 3, 2),
(233, 4, 6, '2024-09-07', 1, 4),
(234, 2, 17, '2022-09-16', 2, 4),
(235, 1, 8, '2023-03-20', 3, 2),
(236, 8, 19, '2022-10-14', 3, 3),
(237, 3, 11, '2023-08-07', 2, 4),
(238, 5, 18, '2024-06-21', 3, 4),
(239, 11, 19, '2024-03-06', 1, 3),
(240, 12, 11, '2023-10-06', 1, 2),
(241, 14, 16, '2024-09-10', 2, 4),
(242, 12, 13, '2025-01-15', 2, 3),
(243, 11, 19, '2022-11-11', 3, 4),
(244, 4, 11, '2024-04-27', 1, 5),
(245, 1, 12, '2022-07-31', 3, 5),
(246, 11, 14, '2023-09-14', 1, 3),
(247, 7, 12, '2025-04-09', 2, 4),
(248, 1, 6, '2024-12-24', 3, 3),
(249, 8, 1, '2023-01-28', 2, 2),
(250, 8, 16, '2025-05-26', 3, 3),
(251, 5, 3, '2023-12-29', 3, 4),
(252, 8, 15, '2023-06-17', 2, 2),
(253, 8, 20, '2022-09-12', 2, 3),
(254, 2, 16, '2024-09-16', 2, 4),
(255, 14, 8, '2023-02-02', 1, 5),
(256, 5, 11, '2023-02-02', 3, 2),
(257, 8, 10, '2022-08-06', 1, 4),
(258, 14, 20, '2024-02-28', 1, 2),
(259, 9, 17, '2024-09-09', 2, 2),
(260, 3, 15, '2023-01-28', 3, 4),
(261, 7, 15, '2022-10-28', 2, 3),
(262, 6, 17, '2022-07-18', 3, 2),
(263, 5, 16, '2024-12-04', 1, 2),
(264, 3, 3, '2025-02-08', 1, 5),
(265, 1, 11, '2025-03-19', 1, 4),
(266, 3, 2, '2025-03-07', 3, 2),
(267, 15, 20, '2024-04-06', 3, 3),
(268, 2, 1, '2024-05-31', 2, 4),
(269, 1, 20, '2024-10-12', 2, 3),
(270, 15, 5, '2022-11-01', 3, 2),
(271, 9, 2, '2025-06-01', 3, 5),
(272, 15, 13, '2022-10-11', 1, 3),
(273, 9, 11, '2022-08-07', 2, 4),
(274, 3, 17, '2023-08-08', 2, 4),
(275, 14, 19, '2023-04-05', 2, 4),
(276, 1, 9, '2024-06-05', 2, 4),
(277, 9, 5, '2024-11-04', 1, 3),
(278, 4, 15, '2024-12-13', 3, 5),
(279, 9, 3, '2023-01-28', 1, 4),
(280, 2, 11, '2022-07-10', 2, 5),
(281, 11, 2, '2024-07-03', 3, 2),
(282, 8, 3, '2024-08-05', 1, 4),
(283, 12, 11, '2025-01-16', 3, 4),
(284, 12, 12, '2025-06-30', 1, 4),
(285, 7, 6, '2024-06-02', 2, 4),
(286, 2, 17, '2022-08-20', 2, 2),
(287, 7, 5, '2023-06-22', 1, 3),
(288, 8, 1, '2024-12-23', 2, 4),
(289, 3, 16, '2024-09-20', 2, 4),
(290, 7, 9, '2024-01-03', 1, 2),
(291, 5, 15, '2022-08-09', 2, 3),
(292, 12, 9, '2023-07-19', 3, 4),
(293, 10, 20, '2023-01-30', 1, 4),
(294, 3, 1, '2023-07-06', 1, 3),
(295, 9, 10, '2024-04-16', 1, 5),
(296, 6, 7, '2023-01-09', 1, 2),
(297, 7, 16, '2023-04-13', 1, 2),
(298, 8, 20, '2023-03-09', 2, 4),
(299, 4, 11, '2024-09-07', 2, 4),
(300, 4, 17, '2023-01-01', 3, 2),
(301, 13, 17, '2024-01-16', 3, 2),
(302, 11, 17, '2023-07-20', 2, 3),
(303, 2, 12, '2023-03-29', 2, 5),
(304, 10, 6, '2024-04-07', 1, 2),
(305, 6, 12, '2025-03-10', 2, 3),
(306, 7, 13, '2024-05-21', 2, 2),
(307, 15, 17, '2024-07-27', 3, 2),
(308, 3, 9, '2023-08-04', 3, 3),
(309, 12, 1, '2024-10-29', 1, 2),
(310, 7, 5, '2024-03-17', 2, 2),
(311, 9, 4, '2023-08-15', 2, 4),
(312, 7, 6, '2024-05-20', 3, 4),
(313, 9, 11, '2024-12-20', 1, 4),
(314, 11, 16, '2022-10-15', 2, 4),
(315, 8, 7, '2023-07-15', 2, 3),
(316, 11, 6, '2024-12-13', 3, 2),
(317, 6, 18, '2023-10-14', 3, 4),
(318, 7, 6, '2023-06-14', 1, 4),
(319, 7, 13, '2022-10-12', 2, 2),
(320, 9, 4, '2023-11-06', 2, 5),
(321, 10, 16, '2023-11-24', 3, 4),
(322, 13, 19, '2024-10-23', 3, 2),
(323, 3, 16, '2024-12-12', 3, 3),
(324, 10, 17, '2022-07-29', 2, 4),
(325, 7, 13, '2023-12-03', 2, 4),
(326, 9, 13, '2023-07-17', 2, 5),
(327, 1, 9, '2024-07-08', 3, 4),
(328, 5, 2, '2023-01-13', 3, 2),
(329, 3, 14, '2023-12-14', 1, 2),
(330, 10, 10, '2023-01-10', 3, 4),
(331, 3, 12, '2023-05-12', 3, 4),
(332, 12, 7, '2024-11-28', 3, 4),
(333, 14, 5, '2024-06-26', 2, 3),
(334, 9, 6, '2024-03-13', 2, 3),
(335, 1, 4, '2025-01-20', 3, 4),
(336, 5, 12, '2023-11-10', 2, 2),
(337, 6, 9, '2022-08-25', 3, 3),
(338, 2, 8, '2024-12-14', 3, 2),
(339, 8, 7, '2023-05-30', 3, 2),
(340, 8, 4, '2023-02-22', 3, 4),
(341, 7, 10, '2022-10-27', 1, 2),
(342, 5, 1, '2024-04-12', 2, 3),
(343, 14, 1, '2025-03-03', 2, 4),
(344, 4, 10, '2025-01-04', 3, 5),
(345, 10, 10, '2023-09-17', 3, 5),
(346, 14, 11, '2024-11-19', 3, 3),
(347, 15, 15, '2025-05-09', 2, 4),
(348, 15, 4, '2024-11-05', 1, 2),
(349, 12, 15, '2024-07-13', 1, 3),
(350, 14, 5, '2024-08-16', 2, 2),
(351, 2, 11, '2025-06-07', 2, 5),
(352, 14, 2, '2023-10-30', 2, 2),
(353, 14, 4, '2023-05-27', 1, 2),
(354, 13, 20, '2024-03-20', 3, 4),
(355, 15, 20, '2023-08-10', 2, 4),
(356, 5, 13, '2023-01-26', 1, 2),
(357, 4, 11, '2024-02-14', 1, 4),
(358, 5, 6, '2024-05-08', 3, 4),
(359, 10, 4, '2025-05-01', 1, 5),
(360, 8, 5, '2024-03-11', 3, 4),
(361, 11, 16, '2024-12-13', 1, 3),
(362, 4, 11, '2025-06-22', 1, 4),
(363, 9, 4, '2022-08-18', 2, 5),
(364, 15, 12, '2023-11-26', 1, 4),
(365, 1, 14, '2023-12-15', 3, 4),
(366, 2, 1, '2023-03-12', 2, 4),
(367, 2, 6, '2022-10-19', 2, 2),
(368, 1, 11, '2023-12-28', 3, 4),
(369, 8, 19, '2024-08-01', 3, 2),
(370, 11, 15, '2022-08-22', 2, 4),
(371, 2, 3, '2023-04-11', 2, 3),
(372, 4, 14, '2024-04-25', 2, 4),
(373, 15, 1, '2023-05-03', 1, 4),
(374, 9, 16, '2024-07-23', 1, 4),
(375, 5, 10, '2023-06-24', 2, 3),
(376, 6, 10, '2022-11-14', 2, 2),
(377, 14, 12, '2025-01-01', 2, 3),
(378, 5, 2, '2024-07-05', 3, 3),
(379, 4, 8, '2024-09-27', 2, 3),
(380, 6, 18, '2023-07-10', 1, 4),
(381, 13, 14, '2022-08-11', 1, 2),
(382, 5, 14, '2023-04-29', 2, 2),
(383, 6, 13, '2022-09-15', 3, 3),
(384, 1, 9, '2022-09-12', 3, 4),
(385, 1, 1, '2023-02-14', 2, 4),
(386, 12, 3, '2024-03-21', 3, 4),
(387, 12, 17, '2025-05-27', 1, 3),
(388, 13, 1, '2023-08-20', 3, 2),
(389, 13, 7, '2023-11-29', 3, 4),
(390, 13, 15, '2023-09-23', 1, 3),
(391, 12, 9, '2025-02-03', 1, 4),
(392, 8, 2, '2023-05-27', 3, 4),
(393, 3, 2, '2025-04-07', 2, 3),
(394, 14, 8, '2022-08-08', 1, 5),
(395, 12, 6, '2023-05-04', 2, 2),
(396, 3, 15, '2023-10-12', 1, 4),
(397, 10, 10, '2023-05-08', 3, 4),
(398, 5, 1, '2024-09-04', 2, 4),
(399, 15, 7, '2024-10-13', 1, 2),
(400, 9, 17, '2024-12-24', 3, 2),
(401, 9, 16, '2024-10-20', 1, 5),
(402, 8, 7, '2023-10-01', 2, 2),
(403, 15, 8, '2024-05-03', 2, 3),
(404, 14, 20, '2024-08-30', 1, 4),
(405, 8, 10, '2025-05-21', 1, 4),
(406, 1, 5, '2025-04-08', 2, 3),
(407, 3, 15, '2025-06-07', 2, 4),
(408, 1, 19, '2023-09-03', 1, 2),
(409, 13, 20, '2022-11-06', 2, 4),
(410, 6, 20, '2023-05-17', 2, 2),
(411, 2, 18, '2024-02-17', 2, 4),
(412, 9, 1, '2023-11-26', 2, 2),
(413, 7, 10, '2024-06-19', 3, 3),
(414, 10, 14, '2025-03-18', 2, 5),
(415, 11, 20, '2025-03-31', 1, 2),
(416, 5, 1, '2023-04-21', 1, 3),
(417, 13, 5, '2024-12-30', 3, 3),
(418, 14, 13, '2022-11-15', 2, 3),
(419, 15, 6, '2024-04-24', 3, 2),
(420, 3, 4, '2024-12-27', 2, 3),
(421, 2, 9, '2023-07-12', 3, 4),
(422, 6, 12, '2023-01-07', 3, 2),
(423, 13, 1, '2025-06-25', 2, 3),
(424, 2, 5, '2024-03-20', 3, 4),
(425, 15, 6, '2025-03-13', 1, 2),
(426, 6, 12, '2024-09-07', 3, 3),
(427, 10, 15, '2023-11-24', 1, 5),
(428, 7, 9, '2025-02-26', 2, 4),
(429, 12, 4, '2022-11-18', 1, 3),
(430, 3, 10, '2023-06-26', 2, 2),
(431, 2, 13, '2025-04-11', 1, 4),
(432, 12, 5, '2022-07-24', 2, 5),
(433, 10, 18, '2024-08-06', 3, 2),
(434, 6, 5, '2023-10-05', 1, 2),
(435, 2, 13, '2023-07-17', 1, 4),
(436, 6, 8, '2023-02-09', 3, 3),
(437, 2, 7, '2024-10-20', 1, 3),
(438, 9, 6, '2024-02-27', 1, 4),
(439, 5, 11, '2024-02-08', 1, 2),
(440, 9, 10, '2024-12-25', 2, 5),
(441, 13, 15, '2024-06-10', 1, 2),
(442, 3, 3, '2025-03-23', 2, 4),
(443, 4, 15, '2022-10-07', 2, 5),
(444, 12, 10, '2025-03-29', 2, 2),
(445, 15, 1, '2024-05-04', 2, 4),
(446, 14, 15, '2024-03-17', 2, 3),
(447, 6, 13, '2023-07-01', 2, 2),
(448, 14, 5, '2023-06-06', 1, 2),
(449, 12, 3, '2022-10-27', 1, 4),
(450, 4, 9, '2023-08-14', 3, 4),
(451, 10, 7, '2022-07-18', 2, 4),
(452, 4, 8, '2023-05-03', 3, 2),
(453, 2, 9, '2025-05-28', 3, 5),
(454, 1, 2, '2023-05-27', 1, 5),
(455, 11, 12, '2025-02-15', 3, 2),
(456, 15, 10, '2024-11-24', 1, 2),
(457, 13, 15, '2024-07-12', 1, 4),
(458, 3, 20, '2022-09-12', 2, 4),
(459, 11, 1, '2025-03-10', 2, 4),
(460, 10, 10, '2025-03-09', 3, 5),
(461, 14, 4, '2024-06-06', 2, 4),
(462, 13, 7, '2024-12-14', 1, 2),
(463, 4, 14, '2024-07-16', 1, 5),
(464, 4, 16, '2025-02-18', 3, 4),
(465, 2, 9, '2024-05-28', 1, 4),
(466, 13, 16, '2023-09-08', 2, 2),
(467, 15, 10, '2024-03-30', 2, 4),
(468, 9, 3, '2025-05-28', 3, 3),
(469, 11, 5, '2025-03-20', 3, 2),
(470, 15, 5, '2025-06-21', 2, 4),
(471, 2, 4, '2023-05-23', 2, 4),
(472, 5, 6, '2024-08-09', 1, 2),
(473, 1, 6, '2025-06-13', 1, 2),
(474, 6, 12, '2024-09-02', 3, 2),
(475, 13, 1, '2024-10-21', 3, 3),
(476, 7, 4, '2024-04-04', 3, 2),
(477, 4, 11, '2023-01-04', 1, 4),
(478, 7, 16, '2024-12-05', 1, 3),
(479, 6, 14, '2023-08-10', 1, 4),
(480, 13, 5, '2024-12-31', 3, 4),
(481, 10, 12, '2023-05-07', 2, 5),
(482, 6, 20, '2022-12-17', 1, 4),
(483, 2, 20, '2024-11-23', 3, 4),
(484, 2, 2, '2022-07-28', 3, 4),
(485, 14, 15, '2024-05-15', 1, 3),
(486, 4, 10, '2025-07-02', 1, 5),
(487, 8, 9, '2022-10-30', 3, 4),
(488, 1, 12, '2024-09-10', 2, 5),
(489, 9, 4, '2024-12-19', 2, 4),
(490, 6, 9, '2023-03-13', 3, 2),
(491, 1, 20, '2025-04-05', 1, 2),
(492, 3, 9, '2024-07-04', 3, 3),
(493, 14, 1, '2025-06-11', 2, 5),
(494, 15, 3, '2023-02-04', 3, 3),
(495, 1, 1, '2024-10-09', 1, 4),
(496, 11, 6, '2022-10-19', 1, 4),
(497, 1, 8, '2023-06-12', 2, 4),
(498, 4, 8, '2024-06-17', 1, 3),
(499, 2, 14, '2022-12-16', 2, 4),
(500, 15, 3, '2023-10-12', 3, 3);

--
-- Index pour les tables déchargées
--

--
-- Index pour la table `clients`
--
ALTER TABLE `clients`
  ADD PRIMARY KEY (`id`),
  ADD UNIQUE KEY `email` (`email`);

--
-- Index pour la table `produits`
--
ALTER TABLE `produits`
  ADD PRIMARY KEY (`id`);

--
-- Index pour la table `transactions`
--
ALTER TABLE `transactions`
  ADD PRIMARY KEY (`id`),
  ADD KEY `client_id` (`client_id`),
  ADD KEY `produit_id` (`produit_id`);

--
-- AUTO_INCREMENT pour les tables déchargées
--

--
-- AUTO_INCREMENT pour la table `clients`
--
ALTER TABLE `clients`
  MODIFY `id` int(11) NOT NULL AUTO_INCREMENT, AUTO_INCREMENT=16;

--
-- AUTO_INCREMENT pour la table `produits`
--
ALTER TABLE `produits`
  MODIFY `id` int(11) NOT NULL AUTO_INCREMENT, AUTO_INCREMENT=21;

--
-- AUTO_INCREMENT pour la table `transactions`
--
ALTER TABLE `transactions`
  MODIFY `id` int(11) NOT NULL AUTO_INCREMENT, AUTO_INCREMENT=501;

--
-- Contraintes pour les tables déchargées
--

--
-- Contraintes pour la table `transactions`
--
ALTER TABLE `transactions`
  ADD CONSTRAINT `transactions_ibfk_1` FOREIGN KEY (`client_id`) REFERENCES `clients` (`id`),
  ADD CONSTRAINT `transactions_ibfk_2` FOREIGN KEY (`produit_id`) REFERENCES `produits` (`id`);
COMMIT;

/*!40101 SET CHARACTER_SET_CLIENT=@OLD_CHARACTER_SET_CLIENT */;
/*!40101 SET CHARACTER_SET_RESULTS=@OLD_CHARACTER_SET_RESULTS */;
/*!40101 SET COLLATION_CONNECTION=@OLD_COLLATION_CONNECTION */;
